CommercialCsiNumber,CommercialDeliveryMonth,UACsiNumber,SymbolCommercial,SymbolUA,ExchangeSymbol,Exchange,Name,SessionType,CloseField,SessionGroup,IsActive,TerminalPointValue,FullPointValue,Currency,ContractSize,Units,MinimumTick,TickValue,DeliveryMonths,StartDate,EndDate,LinkSymbol,TradingTime,OhlcOffset,Footnote,ConversionFactorCode,HasImplied5,HasCurrentDayVolume,HasCurrentDayOpenInterest,HasKnownExpirationDates,LastTotalVolume
131,0,131,FDX,FDX,FDAX,EUREX,"DAX Index",,Settlement,"",1,2.5,25,EUR,"EUR 25 x Index","points",10,25,IIVIIVIIVIIV,1990-11-23,2022-01-07,"","07:50 - 22:00",,"",1,0,1,0,1,71105
132,0,132,BDL,BDL,,DTB,"German Long Bund",,Settlement,"",0,25,2500,DEM,"DEM 250000","percent",1,25,IIVIIVIIVIIV,1990-11-23,1999-03-08,"","08:00 - 19:00",,"",2,0,0,0,0,
203,0,203,SIF,SIF,,SOFFEX,"Euro Swiss Franc",,Settlement,"",0,25,2500,CHF,"CHF 1000000","CHF/bas pt",1,25,IIVIIVIIVIIV,1991-03-22,1993-06-14,"","",,"",2,0,0,0,1,
214,0,214,SMI,SMI,FSMI,EUREX,"Swiss Market Index",,Settlement,"",1,1,10,CHF,"CHF 10 x Index","points",1,1,IIVIIVIIVIIV,1990-11-09,2022-01-07,"","07:50 - 22:00",,"",1,0,1,0,1,25306
288,0,288,BDM,BDM,,DTB,"German Bobl-Medium",,Settlement,"",0,25,2500,DEM,"DEM 250000","percent",1,25,IIVIIVIIVIIV,1991-10-04,1999-03-08,"","08:00 - 19:00",,"",2,0,0,0,0,
299,0,299,CON,CON,CONF,EUREX,"10-Year Swiss Govt Bond",,Settlement,"",1,10,1000,CHF,"CHF 100000","percent",1,10,IIVIIVIIVIIV,1992-05-29,2022-01-07,"","08:30 - 17:00",,"",2,0,1,0,1,48
302,0,302,LIC,LIC,,EUREX,"Euromark-3mth",,Settlement,"",0,2.5,2500,DEM,"DEM1000000","percent",5,12.5,SSVSSVSSVSSV,1997-01-14,2001-03-19,"","",,"",3,0,0,0,1,
306,0,306,BDS,BDS,,DTB,"German Schatz 2 Yr",,Settlement,"",0,25,2500,DEM,"DEM 250000","percent",1,25,IIVIIVIIVIIV,1997-03-07,1999-03-09,"","08:00 - 19:00",,"",2,0,0,0,0,
317,0,317,SMF,SMF,,SOFFEX,"Swiss Govt Bond-5 Yr",,Settlement,"",0,10,1000,CHF,"CHF100K","percent",1,10,IIVIIVIIVIIV,1991-10-03,1994-01-17,"","08:30 - 17:00",,"",2,0,0,0,1,
348,0,348,BXL,BXL,,DTB,"German Buxl-Extra Long",,Settlement,"",0,25,2500,DEM,"DEM 250000","percent",1,25,IIVIIVIIVIIV,1994-03-11,1995-06-08,"","08:00 - 17:30",,"",2,0,0,0,0,
349,0,349,DFI,DFI,,DTB,"FIBOR 3Mth",,Settlement,"",0,25,2500,DEM,"DEM1000000","DEM/bas pt",1,25,IIVIIVIIVIIV,1994-03-18,1996-12-17,"","08:45 - 17:15",,"",2,0,0,0,1,
380,0,380,FVD,FVD,,DTB,"VOLAX  Index",,Settlement,"",0,0.25,25,EUR,"EUR 25 x Index","points",1,0.25,IIVIIVIIVIIV,1998-01-19,1998-12-17,"","09:00 - 17:00",,"",2,0,0,0,1,
435,0,435,SMB,SMB,,SOFFEX,"Swiss Govt Bond-Medium",,Settlement,"",0,10,1000,CHF,"CHF 100000","percent",1,10,IIVIIVIIVIIV,1996-06-21,1999-05-07,"","08:30 - 17:00",,"",2,0,0,0,1,
443,0,443,MDX,MDX,FSMX,EUREX,"Mini DAX Midcap Index",,Settlement,"",1,0.1,1,EUR,"EUR 1 x Index","points",1,0.1,IIVIIVIIVIIV,1996-09-23,2022-01-07,"","07:50 - 22:00",,"",1,0,1,0,1,448
446,0,446,LIB,LIB,,EUREX,"Euromark-1 Mth",,Settlement,"",0,25,25000,DEM,"DEM 3000000","DEM/bas pt",5,125,VVVVVVVVVVVV,1996-11-12,1998-12-15,"","",,"",3,0,0,0,1,
529,0,529,SXX,SXX,FSTX,EUREX,"DJ STOXX 50 Index",,Settlement,"",1,1,10,EUR,"EUR 10 x Index","points",1,1,IIVIIVIIVIIV,1998-06-22,2022-01-07,"","07:50 - 22:00",,"",1,0,1,0,1,495
530,0,530,SXE,SXE,FESX,EUREX,"Euro STOXX 50 Index",,Settlement,"",1,1,10,EUR,"EUR 10 x Index","points",5,5,IIVIIVIIVIIV,1998-06-22,2022-01-07,"","07:50 - 22:00",,"",1,0,1,0,1,674594
531,0,531,JUM,JUM,,DTB,"German Pfandbrief-Medium Jumbo",,Settlement,"",0,25,2500,DEM,"DEM 250000","percent",1,25,IIVIIVIIVIIV,1998-07-06,1999-02-26,"","08:00 - 19:00",,"",2,0,0,0,0,
545,0,545,FEJ,FEJ,,EUREX,"EURIBOR-1 Mth",,Settlement,"",0,2.5,2500,EUR,"EUR 3000000","percent",5,12.5,VVVVVVVVVVVV,1998-09-18,2004-03-16,"","08:45 - 17:15",,"",3,0,1,0,1,
546,0,546,EEI,EEI,FEU3,EUREX,"3-Month EURIBOR",,Settlement,"",1,2.5,2500,EUR,"EUR 1000000","percent",5,12.5,SSVSSVSSVSSV,1998-09-18,2022-01-07,"","08:00 - 19:00",,"",3,0,1,0,1,5
547,0,547,FLI,FLI,,EUREX,"Euro LIBOR-3 Mth",,Settlement,"",0,2.5,2500,EUR,"EUR 1000000","percent",5,12.5,SSVSSVSSVSSV,1998-09-18,1999-09-13,"","08:45 - 17:15",,"",3,0,0,0,1,
551,0,551,EBX,EBX,FGBX,EUREX,"Euro Buxl (4%)",,Settlement,"",1,10,1000,EUR,"EUR 100000","points",2,20,IIVIIVIIVIIV,1998-10-02,2022-01-07,"","08:00 - 22:00",,"",2,0,1,0,1,60835
552,0,552,EBL,EBL,FGBL,EUREX,"Euro German Bund",,Settlement,"",1,10,1000,EUR,"EUR100000","percent",1,10,IIVIIVIIVIIV,1998-10-05,2022-01-07,"BDL starts at 1990-11-23","08:00 - 22:00",,"",2,0,1,0,1,610272
553,0,553,EBM,EBM,FGBM,EUREX,"Euro German Bobl",,Settlement,"",1,1,1000,EUR,"EUR100000","percent",10,10,IIVIIVIIVIIV,1998-10-05,2022-01-07,"BDM starts at 1991-10-04","08:00 - 22:00",,"",3,0,1,0,1,390955
554,0,554,EBS,EBS,FGBS,EUREX,"Euro German Schatz",,Settlement,"",1,1,1000,EUR,"EUR100000","percent",5,5,IIVIIVIIVIIV,1998-10-05,2022-01-07,"BDS starts at 1997-03-07","08:00 - 22:00",,"",3,0,1,0,1,256262
555,0,555,EBJ,EBJ,,EUREX,"Euro German Pfand",,Settlement,"",0,10,1000,EUR,"EUR 100000","percent",1,10,IIVIIVIIVIIV,1998-10-05,1999-03-03,"JUM starts at 1998-07-06","08:00 - 19:00",,"",2,0,0,0,0,
600,0,600,EOX,EOX,FFOX,EUREX,"OMX Helsinki 25",,Settlement,"",1,0.1,10,EUR,"EUR10 x INDEX","points",10,1,IIVIIVIIVIIV,2000-01-19,2022-01-07,"FOX starts at 1995-08-24","07:50 - 22:00",,"",2,0,1,0,1,30
629,0,629,FN5,FN5,,EUREX,"Nemax 50 Index",,Settlement,"",0,0.1,1,EUR,"EUR1 x Index","points",10,1,IIVIIVIIVIIV,2000-06-19,2005-01-06,"","08:50 - 20:00",,"",1,0,1,0,1,
900,0,900,TNS,TNS,,EUS,"T-Note-US 2 Yr",,Settlement,"",0,6.25,2000,USD,"$200000","points",2.5,15.625,IIVIIVIIVIIV,2004-02-09,2007-09-27,"","19:00 - 16:00",,"",-8,0,0,0,1,
901,0,901,TNM,TNM,,EUS,"T-Note-US 5 Yr",,Settlement,"",0,15.625,1000,USD,"$100000","points",1,15.625,IIVIIVIIVIIV,2004-02-09,2008-01-02,"","19:00 - 16:00",,"",-4,0,0,0,1,
902,0,902,TNL,TNL,,EUS,"T-Note-US 10 Yr",,Settlement,"",0,15.625,1000,USD,"$100000","points",1,15.625,IIVIIVIIVIIV,2004-02-09,2008-01-02,"","19:00 - 16:00",,"",-4,0,0,0,1,
903,0,903,TBX,TBX,,EUS,"T-Note-US 30 Yr",,Settlement,"",0,15.625,1000,USD,"$100000","points",1,15.625,IIVIIVIIVIIV,2004-02-09,2008-04-30,"","19:00 - 16:00",,"",-4,0,0,0,1,
955,0,955,FSB,FSB,FSTB,EUREX,"STOXX Europe 600 Banks",,Settlement,"",1,0.5,50,EUR,"EUR 50 x Index","points",10,5,IIVIIVIIVIIV,2005-02-02,2022-01-07,"","07:50 - 22:00",,"",2,0,1,0,1,15981
979,0,979,TDX,TDX,FTDX,EUREX,"TecDAX Index",,Settlement,"",1,0.1,10,EUR,"EUR 10 x Index","points",50,5,IIVIIVIIVIIV,2005-11-30,2022-01-07,"","07:50 - 22:00",,"",2,0,1,0,1,319
993,0,993,F2X,F2X,FDAX,EUREX,"DAX Index",,Last,"",1,2.5,25,EUR,"EUR 25 x Index","points",10,25,IIVIIVIIVIIV,2006-03-06,2022-01-07,"FDX starts at 1990-11-23","07:50 - 22:00",,"",1,0,1,0,1,71105
994,0,994,S2E,S2E,FESX,EUREX,"Dow Jones Euro Stoxx 50 Index",,Last,"",1,1,10,EUR,"EUR 10 x Index","points",10,10,IIVIIVIIVIIV,2006-03-06,2022-01-07,"SXE starts at 1998-06-22","07:50 - 22:00",,"",1,0,1,0,1,674594
995,0,995,E2L,E2L,FGBL,EUREX,"Euro German Bund",,Last,"",1,10,1000,EUR,"EUR 100000","percent",1,10,IIVIIVIIVIIV,2006-03-06,2022-01-07,"EBL starts at 1998-10-05","08:00 - 22:00",,"",2,0,1,0,1,610272
996,0,996,E2M,E2M,FGBM,EUREX,"Euro German Bobl",,Last,"",1,1,1000,EUR,"EUR 100000","percent",10,10,IIVIIVIIVIIV,2006-03-06,2022-01-07,"EBM starts at 1998-10-05","08:00 - 22:00",,"",3,0,1,0,1,390955
997,0,997,E2S,E2S,FGBS,EUREX,"Euro German Schatz",,Last,"",1,1,1000,EUR,"EUR 100000","percent",5,5,IIVIIVIIVIIV,2006-03-06,2022-01-07,"EBS starts at 1998-10-05","08:00 - 22:00",,"",3,0,1,0,1,256262
100084,0,1084,DEE,DEE,FESE,EUREX,"Euro STOXX Oil & Gas",,Settlement,"",1,0.5,50,EUR,"EUR 50 x index","points",10,5,IIVIIVIIVIIV,2006-11-29,2022-01-07,"","07:50 - 22:00",,"",2,0,1,0,1,223
100085,0,1085,DJE,DJE,FSTE,EUREX,"STOXX Europe 600 Oil & Gas",,Settlement,"",1,0.5,50,EUR,"EUR 50 x index","points",10,5,IIVIIVIIVIIV,2006-11-29,2022-01-07,"","07:50 - 22:00",,"",2,0,1,0,1,8604
100099,0,1099,ESM,ESM,FSMM,EUREX,"Swiss Mid-cap Index",,Settlement,"",1,0.1,10,CHF,"CHF 10 x Index","points",100,10,IIVIIVIIVIIV,2006-12-07,2022-01-07,"","07:50 - 22:00",,"",2,0,1,0,1,507
100100,0,1100,EVD,EVD,,EUREX,"VDAX New Index",,Settlement,"",0,10,1000,EUR,"EUR 1000 x Index","points",5,50,SVSSVSSVSSVS,2006-12-07,2009-07-03,"","07:30 - 17:30",,"",2,0,1,0,1,
100101,0,1101,EVS,EVS,,EUREX,"VSTOXX Index",,Settlement,"",0,10,1000,EUR,"EUR 1000 x Index","points",5,50,SVSSVSSVSSVS,2005-09-07,2009-07-03,"","07:30 - 17:30",,"",2,0,1,0,1,
100244,0,1244,DEY,DEY,FESY,EUREX,"Euro STOXX Technology",,Settlement,"",1,0.5,50,EUR,"EUR 50 x Index","points",10,5,IIVIIVIIVIIV,2007-10-23,2022-01-07,"","07:50 - 22:00",,"",2,0,1,0,1,816
100245,0,1245,DJY,DJY,FSTY,EUREX,"STOXX Europe 600 Technology",,Settlement,"",1,0.5,50,EUR,"EUR 50 x Index","points",10,5,IIVIIVIIVIIV,2007-10-23,2022-01-07,"","07:50 - 22:00",,"",2,0,1,0,1,2407
100313,0,1313,DEA,DEA,FESA,EUREX,"Euro STOXX Automobiles & Parts",,Settlement,"",1,0.5,50,EUR,"EUR 50 x Index","Points",10,5,IIVIIVIIVIIV,2008-03-31,2022-01-07,"","07:50 - 22:00",,"",2,0,1,0,1,101
100314,0,1314,DJA,DJA,FSTA,EUREX,"STOXX Europe 600 Automobiles & Parts",,Settlement,"",1,0.5,50,EUR,"EUR 50 x Index","Points",10,5,IIVIIVIIVIIV,2008-03-31,2022-01-07,"","07:50 - 22:00",,"",2,0,1,0,1,3651
100315,0,1315,DEB,DEB,FESB,EUREX,"Euro STOXX Banks",,Settlement,"",1,0.5,50,EUR,"EUR 50 x Index","Points",5,2.5,IIVIIVIIVIIV,2003-06-23,2022-01-07,"","07:50 - 22:00",,"",2,0,1,0,1,208175
100316,0,1316,DJB,DJB,FSTB,EUREX,"STOXX Europe 600 Banks",,Settlement,"",1,0.5,50,EUR,"EUR 50 x Index","Points",5,2.5,IIVIIVIIVIIV,2003-06-23,2022-01-07,"","07:50 - 22:00",,"",2,0,1,0,1,15981
100317,0,1317,DEG,DEG,FESG,EUREX,"Euro STOXX Industrial Goods & Services",,Settlement,"",1,0.5,50,EUR,"EUR 50 x Index","points",10,5,IIVIIVIIVIIV,2003-06-23,2022-01-07,"","07:50 - 22:00",,"",2,0,1,0,1,22
100318,0,1318,DJG,DJG,FSTG,EUREX,"STOXX Europe 600 Industrial Goods & Services",,Settlement,"",1,0.5,50,EUR,"EUR 50 x Index","points",10,5,IIVIIVIIVIIV,2004-06-22,2022-01-07,"","07:50 - 22:00",,"",2,0,1,0,1,2006
100319,0,1319,DES,DES,FESS,EUREX,"Euro STOXX Basic Resources",,Settlement,"",1,0.5,50,EUR,"EUR 50 x Index","points",10,5,IIVIIVIIVIIV,2003-06-23,2022-01-07,"","07:50 - 22:00",,"",2,0,1,0,1,15
100320,0,1320,DJS,DJS,FSTS,EUREX,"STOXX Europe 600 Basic Resources",,Settlement,"",1,0.5,50,EUR,"EUR 50 x Index","points",10,5,IIVIIVIIVIIV,2004-06-22,2022-01-07,"","07:50 - 22:00",,"",2,0,1,0,1,7314
100321,0,1321,DEW,DEW,FESU,EUREX,"Euro STOXX Utilities",,Settlement,"",1,0.5,50,EUR,"EUR 50 x index","points",10,5,IIVIIVIIVIIV,2008-03-31,2022-01-07,"","07:50 - 22:00",,"",2,0,1,0,1,261
100322,0,1322,DJW,DJW,FSTU,EUREX,"STOXX Europe 600 Utilities",,Settlement,"",1,0.5,50,EUR,"EUR 50 x index","points",10,5,IIVIIVIIVIIV,2008-03-31,2022-01-07,"","07:50 - 22:00",,"",2,0,1,0,1,2253
100337,0,1337,DED,DED,FEDV,EUREX,"DJ Euro STOXX Select Dividend 30 Index",,Settlement,"",1,0.1,10,EUR,"EUR 10 x Index","points",50,5,IIVIIVIIVIIV,2007-07-23,2022-01-07,"","07:50 - 22:00",,"",2,0,1,0,1,2486
100338,0,1338,SLI,SLI,FSLI,EUREX,"SLI Swiss Leader Index",,Settlement,"",1,0.1,10,CHF,"CHF 10 x Index","points",50,5,IIVIIVIIVIIV,2007-10-22,2022-01-07,"","07:50 - 22:00",,"",2,0,1,0,1,0
100400,0,1400,DEH,DEH,FESH,EUREX,"Euro STOXX Healthcare",,Settlement,"",1,0.5,50,EUR,"EUR 50 x Index","points",10,5,IIVIIVIIVIIV,2003-06-23,2022-01-07,"","07:50 - 22:00",,"",2,0,1,0,1,62
100401,0,1401,DJH,DJH,FSTH,EUREX,"STOXX Europe 600 Healthcare",,Settlement,"",1,0.5,50,EUR,"EUR 50 x Index","points",10,5,IIVIIVIIVIIV,2003-06-23,2022-01-07,"","07:50 - 22:00",,"",2,0,1,0,1,489
100402,0,1402,DEM,DEM,FESM,EUREX,"Euro STOXX Media",,Settlement,"",1,0.5,50,EUR,"EUR 50 x Index","points",10,5,IIVIIVIIVIIV,2003-06-23,2022-01-07,"","07:50 - 22:00",,"",2,0,1,0,1,43
100403,0,1403,DJM,DJM,FSTM,EUREX,"STOXX Europe 600 Media",,Settlement,"",1,0.5,50,EUR,"EUR 50 x Index","points",10,5,IIVIIVIIVIIV,2004-06-22,2022-01-07,"","07:50 - 22:00",,"",2,0,1,0,1,802
100421,0,1421,DEI,DEI,FESI,EUREX,"Euro STOXX Insurance",,Settlement,"",1,0.5,50,EUR,"EUR 50 x Index","points",10,5,IIVIIVIIVIIV,2009-03-25,2022-01-07,"","07:50 - 22:00",,"",2,0,1,0,1,119
100422,0,1422,DJI,DJI,FSTI,EUREX,"STOXX Europe 600 Insurance",,Settlement,"",1,0.5,50,EUR,"EUR 50 x Index","points",10,5,IIVIIVIIVIIV,2003-05-15,2022-01-07,"","07:50 - 22:00",,"",2,0,1,0,1,4081
100426,0,1426,DEV,DEV,FEXD,EUREX,"DJ Euro STOXX 50 Index Dividend",,Settlement,"",1,1,100,EUR,"EUR 100 x Index","points",10,10,IIIIIIIIIIIV,2009-04-20,2022-01-07,"","08:30 - 22:00",,"",2,0,1,0,1,17658
100490,0,1490,BTP,BTP,FBTP,EUREX,"Long-Term Italian Govt Bond-BTP",,Settlement,"",1,10,1000,EUR,"EUR 100000","points",1,10,IIVIIVIIVIIV,2009-09-14,2022-01-07,"","08:00 - 19:00",,"",2,0,1,0,1,109920
100491,0,1491,B2P,B2P,FBTP,EUREX,"Long-Term Italian Govt Bond-BTP",,Last,"",1,10,1000,EUR,"EUR 100000","points",1,10,IIVIIVIIVIIV,2009-09-01,2022-01-07,"","08:00 - 19:00",,"",2,0,1,0,1,114125
100521,0,1521,FVS,FVS,FVS,EUREX,"VSTOXX Mini",,Settlement,"",1,1,100,EUR,"EUR 100 x Index","Points",5,5,VVVVVVVVVVVV,2009-05-19,2022-01-07,"","07:50 - 22:00",,"",2,0,1,0,1,50589
100622,0,1622,DJC,DJC,FSTC,EUREX,"STOXX Europe 600 Chemicals",,Settlement,"",1,0.5,50,EUR,"EUR 50 x Index","points",1,0.5,IIVIIVIIVIIV,2011-01-11,2022-01-07,"","07:50 - 22:00",,"",2,0,1,0,1,206
100623,0,1623,DEC,DEC,FESC,EUREX,"Euro STOXX Chemicals",,Settlement,"",1,0.5,50,EUR,"EUR 50 x Index","points",1,0.5,IIVIIVIIVIIV,2011-01-11,2022-01-07,"","07:50 - 22:00",,"",2,0,1,0,1,17
100624,0,1624,DJF,DJF,FSTF,EUREX,"STOXX Europe 600 Financial Services",,Settlement,"",1,0.5,50,EUR,"EUR 50 x Index","points",1,0.5,IIVIIVIIVIIV,2011-01-11,2022-01-07,"","07:50 - 22:00",,"",2,0,1,0,1,413
100625,0,1625,DEF,DEF,FESF,EUREX,"Euro STOXX Financial Services",,Settlement,"",1,0.5,50,EUR,"EUR 50 x Index","points",1,0.5,IIVIIVIIVIIV,2011-01-11,2022-01-07,"","07:50 - 22:00",,"",2,0,1,0,1,0
100626,0,1626,DJL,DJL,FSTL,EUREX,"STOXX Europe 600 Real Estate",,Settlement,"",1,0.5,50,EUR,"EUR 50 x Index","points",1,0.5,IIVIIVIIVIIV,2011-01-11,2022-01-07,"","07:50 - 22:00",,"",2,0,1,0,1,1228
100627,0,1627,DEL,DEL,FESL,EUREX,"Euro STOXX Real Estate",,Settlement,"",1,0.5,50,EUR,"EUR 50 x Index","points",1,0.5,IIVIIVIIVIIV,2011-01-11,2022-01-07,"","07:50 - 22:00",,"",2,0,1,0,1,56
100628,0,1628,DJN,DJN,FSTN,EUREX,"STOXX Europe 600 Construction",,Settlement,"",1,0.5,50,EUR,"EUR 50 x Index","points",1,0.5,IIVIIVIIVIIV,2011-01-11,2022-01-07,"","07:50 - 22:00",,"",2,0,1,0,1,58
100629,0,1629,DE4,DE4,FESN,EUREX,"Euro STOXX Construction",,Settlement,"",1,0.5,50,EUR,"EUR 50 x Index","points",1,0.5,IIVIIVIIVIIV,2011-01-11,2022-01-07,"","07:50 - 22:00",,"",2,0,1,0,1,16
100630,0,1630,DJO,DJO,FSTO,EUREX,"STOXX Europe 600 Food & Beverage",,Settlement,"",1,0.5,50,EUR,"EUR 50 x Index","points",1,0.5,IIVIIVIIVIIV,2011-01-11,2022-01-07,"","07:50 - 22:00",,"",2,0,1,0,1,1123
100631,0,1631,DEO,DEO,FESO,EUREX,"Euro STOXX Food & Beverage",,Settlement,"",1,0.5,50,EUR,"EUR 50 x Index","points",1,0.5,IIVIIVIIVIIV,2011-01-11,2022-01-07,"","07:50 - 22:00",,"",2,0,1,0,1,48
100632,0,1632,DJR,DJR,FSTR,EUREX,"STOXX Europe 600 Retail",,Settlement,"",1,0.5,50,EUR,"EUR 50 x Index","points",1,0.5,IIVIIVIIVIIV,2011-01-11,2022-01-07,"","07:50 - 22:00",,"",2,0,1,0,1,12
100633,0,1633,DER,DER,FESR,EUREX,"Euro STOXX Retail",,Settlement,"",1,0.5,50,EUR,"EUR 50 x Index","points",1,0.5,IIVIIVIIVIIV,2011-01-11,2022-01-07,"","07:50 - 22:00",,"",2,0,1,0,1,1
100634,0,1634,DJT,DJT,FSTT,EUREX,"STOXX Europe 600 Telcom",,Settlement,"",1,0.5,50,EUR,"EUR 50 x Index","points",1,0.5,IIVIIVIIVIIV,2011-01-11,2022-01-07,"","07:50 - 22:00",,"",2,0,1,0,1,6986
100635,0,1635,DET,DET,FEST,EUREX,"Euro STOXX Telcom",,Settlement,"",1,0.5,50,EUR,"EUR 50 x Index","points",1,0.5,IIVIIVIIVIIV,2011-01-11,2022-01-07,"","07:50 - 22:00",,"",2,0,1,0,1,215
100636,0,1636,DJV,DJV,FSTV,EUREX,"STOXX Europe 600 Travel & Leisure",,Settlement,"",1,0.5,50,EUR,"EUR 50 x Index","points",1,0.5,IIVIIVIIVIIV,2011-01-11,2022-01-07,"","07:50 - 22:00",,"",2,0,1,0,1,1067
100637,0,1637,DE5,DE5,FESV,EUREX,"Euro STOXX Travel & Leisure",,Settlement,"",1,0.5,50,EUR,"EUR 50 x Index","points",1,0.5,IIVIIVIIVIIV,2011-01-11,2022-01-07,"","07:50 - 22:00",,"",2,0,1,0,1,6
100638,0,1638,DJZ,DJZ,FSTZ,EUREX,"STOXX Europe 600 Personal & Househould Goods",,Settlement,"",1,0.5,50,EUR,"EUR 50 x Index","points",1,0.5,IIVIIVIIVIIV,2011-01-11,2022-01-07,"","07:50 - 22:00",,"",2,0,1,0,1,438
100639,0,1639,DEZ,DEZ,FESZ,EUREX,"Euro STOXX Personal & Househould Goods",,Settlement,"",1,0.5,50,EUR,"EUR 50 x Index","points",1,0.5,IIVIIVIIVIIV,2011-01-11,2022-01-07,"","07:50 - 22:00",,"",2,0,1,0,1,20
100640,0,1640,BTS,BTS,FBTS,EUREX,"Short Euro BTP",,Settlement,"",1,10,1000,EUR,"EUR 100000","points",1,10,IIVIIVIIVIIV,2011-01-11,2022-01-07,"","08:00 - 19:00",,"",2,0,1,0,1,74921
100641,0,1641,B2S,B2S,FBTS,EUREX,"Short Euro BTP",,Last,"",1,10,1000,EUR,"EUR 100000","points",1,10,IIVIIVIIVIIV,2011-01-12,2022-01-07,"","08:00 - 19:00",,"",2,0,1,0,1,53175
100752,0,1752,FOA,FOA,FOAT,EUREX,"Euro-OAT (10yr)",,Settlement,"",1,10,1000,EUR,"EUR 100000","Percent",1,10,IIVIIVIIVIIV,2012-04-19,2022-01-07,"","08:00 - 19:00",,"",2,0,1,0,1,146614
100759,0,1759,FXP,FXP,FXXP,EUREX,"STOXX Europe 600 Index",,Settlement,"",1,5,50,EUR,"EUR 50 x Index","points",1,5,IIVIIVIIVIIV,2012-05-22,2022-01-07,"","07:50 - 22:00",,"",1,0,1,0,1,60239
100862,0,1862,FOM,FOM,FOAM,EUREX,"Mid-Term Euro-OAT (5yr)",,Settlement,"",1,10,1000,EUR,"EUR 100000","Percent",1,10,IIVIIVIIVIIV,2013-03-11,2022-01-07,"","08:00 - 19:00",,"",2,0,1,0,1,0
100863,0,1863,RDX,RDX,FRDX,EUREX,"RDX USD Index",,Settlement,"",1,0.1,10,USD,"USD 10","points",50,5,IIVIIVIIVIIV,2012-05-31,2022-01-07,"","07:50 - 22:00",,"",2,0,1,0,1,184
100952,0,1952,TD2,TD2,FTDX,EUREX,"TecDAX Index",,Last,"",1,0.1,10,EUR,"EUR 10 x Index","points",50,5,IIVIIVIIVIIV,2005-11-30,2022-01-07,"","07:50 - 22:00",,"",2,0,1,0,1,319
100956,0,1956,FTX,FTX,FATX,EUREX,"ATX Index",,Settlement,"",1,0.1,10,EUR,"EUR 10 x Index","points",50,5,IIVIIVIIVIIV,2014-02-10,2022-01-07,"ATX starts at 1992-11-10","07:50 - 22:00",,"",2,0,1,0,1,20
200101,0,20101,DDX,DDX,FDIV,EUREX,"DivDAX",,Settlement,"",1,2,200,EUR,"EUR 200 x index","points",5,10,IIVIIVIIVIIV,2015-01-14,2022-01-07,"","07:50 - 22:00",,"",2,0,1,0,1,6
200102,0,20102,MCP,MCP,FMCP,EUREX,"STOXX Europe Mid 200",,Settlement,"",1,0.5,50,EUR,"EUR 50 x index","points",10,5,IIVIIVIIVIIV,2015-01-14,2022-01-07,"","07:50 - 22:00",,"",2,0,1,0,1,679
200103,0,20103,D3D,D3D,FD3D,EUREX,"Euro STOXX Select Div 30 Index Dividend",,Settlement,"",1,1,100,EUR,"EUR 100 x index","points",10,10,IIIIIIIIIIIV,2015-01-14,2022-01-07,"","08:30 - 18:30",,"",2,0,1,0,1,750
200104,0,20104,SMD,SMD,FSMD,EUREX,"Swiss Market Index Dividend",,Settlement,"",1,1,100,CHF,"CHF 100 x index","points",10,10,IIIIIIIIIIIV,2015-01-14,2022-01-07,"","08:30 - 17:27",,"",2,0,1,0,1,0
200105,0,20105,MEU,MEU,FMEU,EUREX,"MSCI Europe Index",,Settlement,"",1,1,100,EUR,"EUR 100 x Index","points",5,5,IIVIIVIIVIIV,2015-04-21,2022-01-07,"","07:50 - 22:00",,"",2,0,1,0,1,895
200106,0,20106,MWO,MWO,FMWO,EUREX,"MSCI World Index",,Settlement,"",1,10,10,USD,"USD 10 x Index","points",1,10,IIVIIVIIVIIV,2015-04-21,2022-01-07,"","07:50 - 22:00",,"",0,0,1,0,1,6966
200107,0,20107,FTF,FTF,FATF,EUREX,"ATX Five Index",,Settlement,"",0,0.1,10,EUR,"EUR 10 x Index","points",10,1,IIVIIVIIVIIV,2014-02-12,2020-07-03,"","07:50 - 22:00",,"",2,0,1,0,1,
200113,0,20113,BON,BON,FBON,EUREX,"Long-Term Euro-BONO",,Settlement,"",1,10,1000,EUR,"EUR 100000 @ 6%","percent",1,10,IIVIIVIIVIIV,2015-10-26,2022-01-07,"","08:00 - 19:00",,"",2,0,1,0,1,769
200114,0,20114,DXM,DXM,FDXM,EUREX,"Mini-DAX",,Settlement,"",1,0.5,5,EUR,"EUR5 x Index","points",10,5,IIVIIVIIVIIV,2015-10-28,2022-01-07,"","07:50 - 22:00",,"",1,0,1,0,1,43087
200115,0,20115,MAS,MAS,FMAS,EUREX,"MSCI AC Asia Pacific ex Japan Index",,Settlement,"",1,1,100,USD,"USD100","points",10,10,IIVIIVIIVIIV,2013-03-12,2022-01-07,"","07:50 - 22:00",,"",2,0,1,0,1,65
200116,0,20116,MCN,MCN,FMCN,EUREX,"MSCI China Free Index",,Settlement,"",1,0.5,50,USD,"USD50 x Index","points",50,25,IIVIIVIIVIIV,2016-05-31,2022-01-07,"","07:50 - 22:00",,"",2,0,1,0,1,286
200119,0,20119,SCP,SCP,FSCP,EUREX,"STOXX Europe Small 200 Index",,Settlement,"",1,0.5,50,EUR,"EUR50 x Index","points",10,5,IIVIIVIIVIIV,2011-04-27,2022-01-07,"","07:50 - 22:00",,"",2,0,1,0,1,388
200120,0,20120,MCE,MCE,FMCE,EUREX,"EURO STOXX Mid Index",,Settlement,"",1,0.5,50,EUR,"EUR50 x Index","points",10,5,IIVIIVIIVIIV,2011-04-27,2022-01-07,"","07:50 - 22:00",,"",2,0,1,0,1,146
200121,0,20121,XXE,XXE,FXXE,EUREX,"EURO STOXX Index",,Settlement,"",1,0.5,50,EUR,"EUR50 x Index","points",10,5,IIVIIVIIVIIV,2011-04-27,2022-01-07,"","07:50 - 22:00",,"",2,0,1,0,1,126
200122,0,20122,LCE,LCE,FLCE,EUREX,"EURO STOXX Large Index",,Settlement,"",1,0.5,50,EUR,"EUR50 x Index","points",10,5,IIVIIVIIVIIV,2011-04-27,2022-01-07,"","07:50 - 22:00",,"",2,0,1,0,1,243
200123,0,20123,MUK,MUK,FMUK,EUREX,"MSCI UK Index",,Settlement,"",1,1,10,GBP,"GBP10 x Index","points",10,10,IIVIIVIIVIIV,2014-11-18,2022-01-07,"","07:50 - 22:00",,"",1,0,1,0,1,0
200124,0,20124,EEM,EEM,FMEN,EUREX,"MSCI Emerging Markets Index (EUR)",,Settlement,"",1,1,100,EUR,"EUR100 x Index","points",10,10,IIVIIVIIVIIV,2014-03-03,2022-01-07,"","07:50 - 22:00",,"",2,0,1,0,1,49
200125,0,20125,MEL,MEL,FMEL,EUREX,"MSCI Emerging Markets Latin America Index",,Settlement,"",1,1,100,USD,"USD100 x Index","points",10,10,IIVIIVIIVIIV,2013-06-28,2022-01-07,"","07:50 - 22:00",,"",2,0,1,0,1,288
200126,0,20126,MEE,MEE,FMEE,EUREX,"MSCI Emerging Markets EMEA Index",,Settlement,"",1,1,100,USD,"USD100 x Index","points",10,10,IIVIIVIIVIIV,2013-06-28,2022-01-07,"","07:50 - 22:00",,"",2,0,1,0,1,239
200130,0,20130,BTM,BTM,FBTM,EUREX,"Mid-Term Euro-BTP",,Settlement,"",1,10,1000,EUR,"EUR 100000","percent",1,10,IIVIIVIIVIIV,2017-04-10,2022-01-07,"","08:00 - 19:00",,"",2,0,1,0,1,0
200169,0,20169,MAL,MAL,FMAU,EUREX,"MSCI Australia Index",,Settlement,"",1,0.1,10,USD,"USD 10","points",100,10,IIVIIVIIVIIV,2018-02-15,2022-01-07,"","07:50 - 22:00",,"",2,0,1,0,1,60
200170,0,20170,MTC,MTC,FMGC,EUREX,"MSCI Canada GTR Index",,Settlement,"",1,0.1,10,USD,"USD 10","points",100,10,IIVIIVIIVIIV,2018-02-15,2022-01-07,"","07:50 - 22:00",,"",2,0,1,0,1,5
200171,0,20171,MCO,MCO,FMCO,EUREX,"MSCI Colombia Index",,Settlement,"",1,0.1,10,USD,"USD 10","points",100,10,IIVIIVIIVIIV,2018-02-15,2022-01-07,"","07:50 - 22:00",,"",2,0,1,0,1,0
200172,0,20172,MGF,MGF,FMGF,EUREX,"MSCI France GTR Index",,Settlement,"",0,1,100,EUR,"EUR 100","points",5,5,IIVIIVIIVIIV,2018-02-15,2021-09-23,"","07:50 - 22:00",,"",2,0,1,0,1,
200173,0,20173,MHK,MHK,FMHK,EUREX,"MSCI Hong Kong Index",,Settlement,"",1,1,1,USD,"USD 1","points",10,10,IIVIIVIIVIIV,2018-02-15,2022-01-07,"","07:50 - 22:00",,"",0,0,1,0,1,364
200174,0,20174,MIE,MIE,FMIN,EUREX,"MSCI India Index",,Settlement,"",1,1,100,USD,"USD 100","points",10,10,IIVIIVIIVIIV,2018-02-15,2022-01-07,"","07:50 - 22:00",,"",2,0,1,0,1,147
200175,0,20175,MIN,MIN,FMID,EUREX,"MSCI Indonesia Index",,Settlement,"",1,0.1,10,USD,"USD 10","points",50,5,IIVIIVIIVIIV,2018-02-15,2022-01-07,"","07:50 - 22:00",,"",2,0,1,0,1,490
200176,0,20176,MJP,MJP,FMJP,EUREX,"MSCI Japan Index",,Settlement,"",1,0.1,10,USD,"USD 10","points",1,0.1,IIVIIVIIVIIV,2018-02-15,2022-01-07,"","07:50 - 22:00",,"",2,0,1,0,1,229
200177,0,20177,MMY,MMY,FMMY,EUREX,"MSCI Malaysia Index",,Settlement,"",1,1,100,USD,"USD 100","points",10,10,IIVIIVIIVIIV,2013-06-28,2022-01-07,"","07:50 - 22:00",,"",2,0,1,0,1,60
200178,0,20178,MMX,MMX,FMMX,EUREX,"MSCI Mexico Index",,Settlement,"",1,0.5,50,USD,"USD 50","points",10,5,IIVIIVIIVIIV,2018-02-15,2022-01-07,"","07:50 - 22:00",,"",2,0,1,0,1,1923
200179,0,20179,MPH,MPH,FMPH,EUREX,"MSCI Philippines Index",,Settlement,"",1,0.5,50,USD,"USD 50","points",10,5,IIVIIVIIVIIV,2013-06-28,2022-01-07,"","07:50 - 22:00",,"",2,0,1,0,1,0
200180,0,20180,MPL,MPL,FMPL,EUREX,"MSCI Poland Index",,Settlement,"",1,1,100,USD,"USD 100","points",10,10,IIVIIVIIVIIV,2018-02-15,2022-01-07,"","07:50 - 22:00",,"",2,0,1,0,1,22
200181,0,20181,MRS,MRS,FMRS,EUREX,"MSCI Russia Index",,Settlement,"",1,0.5,50,USD,"USD 50","points",10,5,IIVIIVIIVIIV,2018-02-15,2022-01-07,"","07:50 - 22:00",,"",2,0,1,0,1,92
200182,0,20182,MZA,MZA,FMZA,EUREX,"MSCI South Africa Index",,Settlement,"",1,1,100,USD,"USD 100","points",10,10,IIVIIVIIVIIV,2018-02-15,2022-01-07,"","07:50 - 22:00",,"",2,0,1,0,1,0
200183,0,20183,MTH,MTH,FMTH,EUREX,"MSCI Thailand Index",,Settlement,"",1,0.1,10,USD,"USD 10","points",50,5,IIVIIVIIVIIV,2013-06-28,2022-01-07,"","07:50 - 22:00",,"",2,0,1,0,1,2146
200184,0,20184,MDK,MDK,FMDK,EUREX,"MSCI UK Index (USD)",,Settlement,"",1,0.1,10,USD,"USD 10","points",100,10,IIVIIVIIVIIV,2018-02-15,2022-01-07,"","07:50 - 22:00",,"",2,0,1,0,1,0
200185,0,20185,MGS,MGS,FMGS,EUREX,"MSCI USA GTR Index",,Settlement,"",1,1,10,USD,"USD 10","points",10,10,IIVIIVIIVIIV,2018-02-15,2022-01-07,"","07:50 - 22:00",,"",1,0,1,0,1,0
200186,0,20186,MUS,MUS,FMUS,EUREX,"MSCI USA Index",,Settlement,"",1,0.1,10,USD,"USD 10","points",100,10,IIVIIVIIVIIV,2018-02-15,2022-01-07,"","07:50 - 22:00",,"",2,0,1,0,1,0
200418,0,20418,SLC,SLC,FSLC,EUREX,"EURO STOXX 50 Low Carbon Index",,Settlement,"",1,1,100,EUR,"EUR 100 x Index","points",10,10,IIVIIVIIVIIV,2019-02-11,2022-01-07,"","07:50 - 22:00",,"",2,0,1,0,1,0
200419,0,20419,SEG,SEG,FSEG,EUREX,"STOXX Europe 600 ESG-X Index",,Settlement,"",1,1,100,EUR,"EUR 100 x Index","points",10,10,IIVIIVIIVIIV,2019-02-11,2022-01-07,"","07:50 - 22:00",,"",2,0,1,0,1,4453
200420,0,20420,SLS,SLS,FSLS,EUREX,"STOXX Europe ESG Leaders Select 30 Index",,Settlement,"",1,1,100,EUR,"EUR 100 x Index","points",10,10,IIVIIVIIVIIV,2019-10-07,2022-01-07,"","07:50 - 22:00",,"",2,0,1,0,1,0
200443,0,20443,MAE,MAE,FMAE,EUREX,"MSCI ACWI Index",,Settlement,"",1,0.1,100,EUR,"EUR 100 x Index","points",50,5,IIVIIVIIVIIV,2016-09-01,2022-01-07,"","01:10 - 22:00",,"",3,0,1,0,1,103
200448,0,20448,SML,SML,FSMI,EUREX,"Swiss Market Index",,Last,"",1,1,10,CHF,"CHF 10 x Index","points",1,1,IIVIIVIIVIIV,2017-04-03,2022-01-07,"","07:50 - 22:00",,"",1,0,1,0,1,25309
200454,0,20454,TES,TES,TESX,EUREX,"EURO STOXX 50 Index Total Return",,Settlement,"",1,0.1,10,EUR,"EUR 10 x Index","points",1,0.1,IIVIIVIIVIIV,2016-12-02,2022-01-07,"","08:15 - 22:10",,"",2,0,1,0,1,45196
200456,0,20456,MEA,MEA,FMEA,EUREX,"MSCI Emerging Markets Asia Index",,Settlement,"",1,1,100,USD,"USD 100 x Index","points",10,10,IIVIIVIIVIIV,2013-07-01,2022-01-07,"","01:10 - 22:00",,"",2,0,1,0,1,314
200457,0,20457,MWN,MWN,FMWN,EUREX,"MSCI World Index (EUR)",,Settlement,"",1,0.1,100,EUR,"EUR 100 x Index","points",1,0.1,IIVIIVIIVIIV,2014-03-03,2022-01-07,"","01:10 - 22:00",,"",3,0,1,0,1,2092
200458,0,20458,MWP,MWP,FMWP,EUREX,"MSCI World Price Index",,Settlement,"",1,0.01,10,USD,"USD 10 x Index","points",1,0.01,IIVIIVIIVIIV,2014-03-03,2022-01-07,"","01:10 - 22:00",,"",3,0,1,0,1,53
200459,0,20459,MEF,MEF,FMEF,EUREX,"MSCI Emerging Markets Price Index",,Settlement,"",1,0.05,50,USD,"USD 50 x Index","points",1,0.05,IIVIIVIIVIIV,2014-03-03,2022-01-07,"","01:10 - 22:00",,"",3,0,1,0,1,17
200460,0,20460,MMD,MMD,FMEM,EUREX,"MSCI Emerging Markets Index",,Settlement,"",1,0.1,100,USD,"USD 100 x Index","points",1,0.1,IIVIIVIIVIIV,2013-06-28,2022-01-07,"","01:10 - 22:00",,"",3,0,1,0,1,82
200461,0,20461,MFE,MFE,FMFA,EUREX,"MSCI EAFE Index",,Settlement,"",1,0.1,10,USD,"USD 10 x Index","points",1,0.1,IIVIIVIIVIIV,2017-06-09,2022-01-07,"","01:10 - 22:00",,"",2,0,1,0,1,13
200462,0,20462,MFP,MFP,FMFP,EUREX,"MSCI EAFE Price Index",,Settlement,"",1,0.05,50,USD,"USD 50 x Index","points",1,0.05,IIVIIVIIVIIV,2017-06-09,2022-01-07,"","01:10 - 22:00",,"",3,0,1,0,1,1936
200463,0,20463,MED,MED,FMED,EUREX,"MSCI Europe Index (USD)",,Settlement,"",1,0.1,10,USD,"USD 10 x Index","points",1,0.1,IIVIIVIIVIIV,2015-12-10,2022-01-07,"","01:10 - 22:00",,"",2,0,1,0,1,13
200464,0,20464,MPA,MPA,FMPA,EUREX,"MSCI Pacific Index",,Settlement,"",1,0.1,10,USD,"USD 10 x Index","points",1,0.1,IIVIIVIIVIIV,2015-12-10,2022-01-07,"","01:10 - 22:00",,"",2,0,1,0,1,0
200465,0,20465,MPX,MPX,FMPX,EUREX,"MSCI Pacific Ex Japan Index",,Settlement,"",1,0.1,10,USD,"USD 10 x Index","points",1,0.1,IIVIIVIIVIIV,2014-11-18,2022-01-07,"","01:10 - 22:00",,"",2,0,1,0,1,38
200466,0,20466,MSG,MSG,FMSI,EUREX,"MSCI Singapore Index",,Settlement,"",1,0.05,5,USD,"USD 5 x Index","points",1,0.05,IIVIIVIIVIIV,2017-05-24,2022-01-07,"","01:10 - 22:00",,"",2,0,1,0,1,0
200467,0,20467,EBD,EBD,FEBD,EUREX,"Euro STOXX Banks Dividend Index",,Settlement,"",1,5,500,EUR,"EUR 500 x Index","points",1,5,IIIIIIIIIIIV,2014-01-09,2022-01-07,"","08:30 - 17:30",,"",2,0,1,0,1,12010
200481,0,20481,SRN,SRN,FSR3,EUREX,"3-Month SARON",,Settlement,"",1,0.25,2500,CHF,"CHF 1000000","CHF/bas pt",50,12.5,IIVIIVIIVIIV,2021-10-25,2022-01-07,"","08:00 - 18:00",,"",4,0,1,0,1,0
